{
    "rmse": 287.5008087752664,
    "mae": 166.80890840625048,
    "r2": 0.9790255156968506
}