{
    "rmse": 419.1888399940481,
    "mae": 245.64145516514083,
    "r2": 0.9554105029089802
}