{
    "rmse": 399.86711425854435,
    "mae": 235.18671537300662,
    "r2": 0.959536431205359
}