{
    "rmse": 335.5075847084128,
    "mae": 171.58791933942578,
    "r2": 0.9714360782069297
}