{
    "rmse": 3820.8128615325268,
    "mae": 3264.626980817348,
    "r2": -2.7044580767230566
}